Raw value,Corresponding cumulative value,Corresponding Logistic value,Fractional area,Training omission,Test omission
1.87825E-7,0.000018782,0.000831405,1,0,0
3.10986E-7,0.000049881,0.001375826,0.99990009,0,0
5.18587E-7,0.00010174,0.002292161,0.99980018,0,0
2.67243E-6,0.000368983,0.011700785,0.99970027,0,0
4.37531E-6,0.000806514,0.019014805,0.99960036,0,0
6.89187E-6,0.001495701,0.029627591,0.99950045,0,0
1.17978E-5,0.0035612,0.049670376,0.999300629,0,0
1.18046E-5,0.005922104,0.049697591,0.999100809,0,0
1.18764E-5,0.010653818,0.049984399,0.998701169,0,0
1.20514E-5,0.025027665,0.050683968,0.997502248,0,0
1.21698E-5,0.050450012,0.051156301,0.995404136,0,0
1.24334E-5,0.100929735,0.052206351,0.991307823,0,0
1.29065E-5,0.20101424,0.054085653,0.983414927,0,0
1.32497E-5,0.300480408,0.055443838,0.97582176,0,0
1.3508E-5,0.400970465,0.05646384,0.968328504,0,0
1.35628E-5,0.50115778,0.056679976,0.960935158,0,0
1.36344E-5,0.600429743,0.056962086,0.953641722,0,0
1.36737E-5,0.700136226,0.05711668,0.946348287,0,0
1.36837E-5,0.750749472,0.057156271,0.942651614,0,0
1.36974E-5,0.800034746,0.057210152,0.939054851,0,0
1.37411E-5,0.900197354,0.057382117,0.931761415,0,0
1.38009E-5,1.000725892,0.05761778,0.924467979,0,0
1.38674E-5,1.100346254,0.057879211,0.917274453,0,0
1.39359E-5,1.200447301,0.058148287,0.910080927,0,0
1.39999E-5,1.301017107,0.058399866,0.902887401,0,0
1.40655E-5,1.400640732,0.058657354,0.895793786,0,0
1.41391E-5,1.50078245,0.058946501,0.88870017,0,0
1.4368E-5,1.751421156,0.059843518,0.871115996,0,0
1.46255E-5,2.000502551,0.060850655,0.853931462,0,0
1.48675E-5,2.251307064,0.061795508,0.836946748,0,0
1.51667E-5,2.500412845,0.062960553,0.820361674,0,0
1.55432E-5,2.751041239,0.064422761,0.804076331,0,0
1.59246E-5,3.001151133,0.06589951,0.788190628,0,0
1.6294E-5,3.250669489,0.067325479,0.772704566,0,0
1.67047E-5,3.501412109,0.068905418,0.757518234,0,0
1.7121E-5,3.750137831,0.070501309,0.742831452,0,0
1.76223E-5,4.000001189,0.072416103,0.7284444,0,0
1.80285E-5,4.251231497,0.073962002,0.714357079,0,0
1.83883E-5,4.500666006,0.075326847,0.700669398,0,0
1.86891E-5,4.750910792,0.076464778,0.687181537,0,0
1.89872E-5,5.001412858,0.077589834,0.673893496,0,0
1.93112E-5,5.250307184,0.078809588,0.660905185,0,0
1.95736E-5,5.501210193,0.079795109,0.648016785,0,0
1.99368E-5,5.750126302,0.081155635,0.635428115,0,0
2.0298E-5,6.001256376,0.082504424,0.622939355,0,0
2.06285E-5,6.250983417,0.083735334,0.610750325,0,0
2.09637E-5,6.50042889,0.084980333,0.598761115,0,0
2.12454E-5,6.75186533,0.086024262,0.586871815,0,0
2.15358E-5,7.000051511,0.087097516,0.575282246,0,0
2.18275E-5,7.251790065,0.088173278,0.563692677,0,0
2.21604E-5,7.500329941,0.089397732,0.552402837,0,0
2.24365E-5,7.752111268,0.090410747,0.541112998,0,0
2.27575E-5,8.000781559,0.091585888,0.530122889,0,0
2.30111E-5,8.250219607,0.092512144,0.519232691,0,0
2.32922E-5,8.500295513,0.093536565,0.508442402,0,0
2.35524E-5,8.750881219,0.094482588,0.497752023,0,0
2.38792E-5,9.002203941,0.095668447,0.487161555,0,0
2.43359E-5,9.25045497,0.097319939,0.476870816,0,0
2.48194E-5,9.501117143,0.09906203,0.466679988,0,0
2.52928E-5,9.751579014,0.100761028,0.45668898,0,0
2.57119E-5,10.001573243,0.102259741,0.446897792,0,0
2.62217E-5,10.250813525,0.10407645,0.437306424,0,0
2.67223E-5,10.502356649,0.105853074,0.427814967,0,0
2.77245E-5,10.752600991,0.109388672,0.418623239,0,0
2.91331E-5,11.002833188,0.114311146,0.409831152,0,0
3.06948E-5,11.251668171,0.119705413,0.401538615,0,0
3.23187E-5,11.500238371,0.125244985,0.393645719,0,0
3.37642E-5,11.751238753,0.130117872,0.386052553,0,0
3.5505E-5,12.003025865,0.135914715,0.378759117,0,0
3.7668E-5,12.250828535,0.143010723,0.371965231,0,0
3.99033E-5,12.502688437,0.150222511,0.365471076,0,0
4.18685E-5,12.752467019,0.156463075,0.359376561,0,0
4.4024E-5,13.000758393,0.163203578,0.353581776,0,0
4.67095E-5,13.254431716,0.171452283,0.347986812,0,0
4.93935E-5,13.500135073,0.179535364,0.342891398,0,0
5.13736E-5,13.752802034,0.185398392,0.337895894,0,0
5.35637E-5,14.004701735,0.191786229,0.33310021,0,0
5.57242E-5,14.250336716,0.197990239,0.328604256,0,0
5.86669E-5,14.502472236,0.206288895,0.324208213,0,0
6.06486E-5,14.752989565,0.211781395,0.320011989,0,0
6.31827E-5,15.000141619,0.218695258,0.316015586,0,0
6.5826E-5,15.251910878,0.22577871,0.312119093,0,0
6.84799E-5,15.501544269,0.23276259,0.30842242,0,0
7.076E-5,15.752076582,0.238663045,0.304825657,0,0
7.29218E-5,16.003786877,0.244174018,0.301328804,0,0
7.59326E-5,16.25702515,0.251717809,0.297931861,0.111111111,0
7.82168E-5,16.503566216,0.257341567,0.294734739,0.111111111,0
8.06191E-5,16.757116015,0.263165173,0.291537616,0.111111111,0
8.25735E-5,17.001591016,0.267836223,0.288540314,0.111111111,0
8.48379E-5,17.252755979,0.273174621,0.285543011,0.111111111,0
8.68237E-5,17.502198196,0.277792732,0.282645619,0.111111111,0
8.92368E-5,17.757499911,0.283325939,0.279748227,0.111111111,0
9.07004E-5,18.000672262,0.286640798,0.277050654,0.111111111,0
9.22606E-5,18.256725224,0.290140997,0.274253172,0.111111111,0
9.40552E-5,18.508539942,0.294124704,0.2715556,0.111111111,0
9.53621E-5,18.754721896,0.296997775,0.268957938,0.111111111,0
9.67792E-5,19.004685256,0.300086746,0.266360276,0.111111111,0
9.76007E-5,19.257434361,0.301865079,0.263762614,0.111111111,0
9.85506E-5,19.502588705,0.303910111,0.261264862,0.111111111,0
9.98873E-5,19.750900254,0.306767737,0.25876711,0.111111111,0
1.01474E-4,20.002981538,0.310128595,0.256269358,0.111111111,0
1.02401E-4,20.25779705,0.312077723,0.253771606,0.111111111,0
1.03158E-4,20.504489136,0.313661124,0.251373764,0.111111111,0
1.04074E-4,20.753118242,0.315568689,0.248975922,0.111111111,0
1.05258E-4,21.004182033,0.318016582,0.24657808,0.111111111,0
1.06532E-4,21.258578375,0.320631257,0.244180238,0.111111111,0
1.0813E-4,21.505513619,0.323883817,0.241882306,0.111111111,0
1.091E-4,21.755414096,0.325842264,0.239584374,0.111111111,0
1.10504E-4,22.007778969,0.328657199,0.237286442,0.111111111,0
1.11404E-4,22.252000373,0.330449498,0.23508842,0.111111111,0
1.13308E-4,22.510498871,0.334209486,0.232790489,0.111111111,0
1.14672E-4,22.750169916,0.336876753,0.230692377,0.111111111,0
1.16755E-4,23.004768095,0.340910297,0.228494355,0.111111111,0
1.18064E-4,23.251629989,0.343419482,0.226396243,0.111111111,0
1.20161E-4,23.501930034,0.347401292,0.224298132,0.111111111,0
1.23024E-4,23.757926487,0.352758056,0.22220002,0.111111111,0
1.25886E-4,24.006675682,0.358025789,0.220201818,0.111111111,0
1.28491E-4,24.260854812,0.362746881,0.218203617,0.111111111,0
1.31354E-4,24.508104965,0.367857209,0.216305325,0.111111111,0
1.35098E-4,24.761385601,0.374416176,0.214407034,0.111111111,0
1.37758E-4,25.006849821,0.378993704,0.212608652,0.111111111,0
1.39507E-4,25.256849565,0.381969101,0.210810271,0.222222222,0
1.43482E-4,25.511721529,0.388621703,0.209011889,0.222222222,0
1.45457E-4,25.757291545,0.391876036,0.207313418,0.222222222,0
1.4785E-4,26.00696793,0.395769924,0.205614947,0.222222222,0
1.50544E-4,26.260235034,0.400097538,0.203916475,0.222222222,0
1.53906E-4,26.503697495,0.405409966,0.202317914,0.222222222,0
1.58065E-4,26.754129098,0.411852314,0.200719353,0.222222222,0
1.6166E-4,27.009902421,0.417310614,0.199120791,0.222222222,0
1.65395E-4,27.255150902,0.422874734,0.19762214,0.222222222,0
1.69694E-4,27.506977471,0.429149343,0.196123489,0.222222222,0
1.73315E-4,27.764408588,0.434329515,0.194624838,0.222222222,0
1.76331E-4,28.009551032,0.438573961,0.193226097,0.222222222,0
1.80199E-4,28.258751924,0.443922846,0.191827355,0.222222222,0
1.86035E-4,28.515625766,0.451805043,0.190428614,0.222222222,0
1.87765E-4,28.758811292,0.45409845,0.189129783,0.222222222,0
1.88979E-4,29.00374156,0.455695944,0.187830952,0.222222222,0
1.90395E-4,29.25052481,0.457548222,0.186532121,0.222222222,0
1.93682E-4,29.500606733,0.461799154,0.18523329,0.222222222,0
1.96116E-4,29.754235268,0.464904623,0.183934459,0.222222222,0
1.97818E-4,30.010313512,0.467054862,0.182635628,0.222222222,0
2.0147E-4,30.250282094,0.471611786,0.181436707,0.222222222,0
2.03419E-4,30.513790455,0.474011567,0.180137876,0.222222222,0
2.05046E-4,30.759107469,0.47599768,0.178938955,0.222222222,0
2.07378E-4,31.006541056,0.478819308,0.177740034,0.222222222,0
2.09124E-4,31.256477722,0.480912249,0.176541113,0.222222222,0
2.10382E-4,31.508295948,0.482409155,0.175342192,0.222222222,0
2.11719E-4,31.761661684,0.48399154,0.174143271,0.222222222,0
2.14284E-4,32.017699893,0.486998955,0.17294435,0.222222222,0
2.15022E-4,32.253704352,0.487857702,0.171845339,0.222222222,0
2.15834E-4,32.512420608,0.488800418,0.170646418,0.222222222,0
2.16957E-4,32.750523329,0.490097329,0.169547407,0.222222222,0
2.1868E-4,33.012321533,0.49207386,0.168348486,0.222222222,0
2.20272E-4,33.253942808,0.493886419,0.167249475,0.222222222,0
2.21753E-4,33.518981719,0.495562068,0.166050555,0.222222222,0
2.23691E-4,33.76387105,0.497737397,0.164951544,0.222222222,0
2.25043E-4,34.011060763,0.499243978,0.163852533,0.222222222,0
2.2601E-4,34.259115851,0.500315574,0.162753522,0.222222222,0
2.27334E-4,34.508495294,0.501775656,0.161654511,0.222222222,0
2.29174E-4,34.759872926,0.503790879,0.1605555,0.222222222,0
2.30199E-4,35.012809759,0.504906395,0.159456489,0.222222222,0
2.31119E-4,35.266512698,0.505903327,0.158357478,0.222222222,0
2.32038E-4,35.521388859,0.506896119,0.157258467,0.222222222,0
2.33578E-4,35.754281545,0.508548618,0.156259367,0.222222222,0
2.34804E-4,36.011856071,0.509856857,0.155160356,0.222222222,0
2.35662E-4,36.270783079,0.510768577,0.154061345,0.222222222,0
2.36235E-4,36.506748444,0.51137526,0.153062244,0.222222222,0
2.36795E-4,36.766881008,0.511967523,0.151963233,0.222222222,0
2.3767E-4,37.004261534,0.512888307,0.150964132,0.222222222,0
2.38972E-4,37.266435191,0.514253278,0.149865121,0.222222222,0
2.39588E-4,37.505818598,0.514896889,0.148866021,0.222222222,0
2.40728E-4,37.769890749,0.516082178,0.14776701,0.222222222,0
2.41711E-4,38.011127072,0.517099588,0.146767909,0.222222222,0
2.43004E-4,38.253568521,0.518432171,0.145768808,0.222222222,0
2.4434E-4,38.521606331,0.51980027,0.144669797,0.222222222,0
2.45085E-4,38.766438342,0.520559916,0.143670696,0.222222222,0
2.46519E-4,39.012386735,0.522016182,0.142671596,0.222222222,0
2.47075E-4,39.259167772,0.522577863,0.141672495,0.222222222,0
2.4822E-4,39.50701757,0.52373173,0.140673394,0.222222222,0
2.49136E-4,39.755652428,0.524650909,0.139674293,0.222222222,0
2.50501E-4,40.005673326,0.526012704,0.138675192,0.222222222,0
2.51458E-4,40.256508033,0.526963818,0.137676092,0.222222222,0
2.52996E-4,40.508834512,0.528483439,0.136676991,0.222222222,0
2.54686E-4,40.762816028,0.53014232,0.13567789,0.222222222,0
2.55297E-4,41.017852238,0.530738546,0.134678789,0.222222222,0
2.5633E-4,41.273994966,0.531744422,0.133679688,0.222222222,0
2.57705E-4,41.505230142,0.533076388,0.132780498,0.222222222,0
2.59081E-4,41.76375091,0.534401279,0.131781397,0.222222222,0
2.60156E-4,42.023331868,0.535431853,0.130782296,0.222222222,0
2.60863E-4,42.257810711,0.536106678,0.129883105,0.222222222,0
2.61887E-4,42.51934648,0.537080999,0.128884004,0.222222222,0
2.63014E-4,42.75562653,0.538148068,0.127984814,0.222222222,0
2.64601E-4,43.019735632,0.539642718,0.126985713,0.222222222,0
2.65015E-4,43.258012064,0.540031852,0.126086522,0.222222222,0
2.66264E-4,43.523802746,0.541199378,0.125087421,0.222222222,0
2.66664E-4,43.763667351,0.541571679,0.124188231,0.222222222,0
2.67344E-4,44.004014212,0.542203998,0.12328904,0.222222222,0
2.6803E-4,44.271830858,0.54283976,0.122289939,0.222222222,0
2.69148E-4,44.513668597,0.543872605,0.121390748,0.222222222,0
2.69925E-4,44.756286002,0.544588471,0.120491558,0.222222222,0
2.71303E-4,45.026966117,0.54585029,0.119492457,0.222222222,0
2.7254E-4,45.271771553,0.546978435,0.118593266,0.222222222,0
2.74598E-4,45.518310242,0.548841407,0.117694075,0.333333333,0
2.76024E-4,45.766111988,0.550123394,0.116794885,0.333333333,0
2.78131E-4,46.015545782,0.552005488,0.115895694,0.333333333,0
2.79676E-4,46.26661714,0.553374477,0.114996503,0.333333333,0
2.81504E-4,46.51919028,0.554983872,0.114097312,0.333333333,0
2.82662E-4,46.773077047,0.555998083,0.113198122,0.333333333,0
2.84435E-4,47.000228252,0.557541203,0.112398841,0.333333333,0
2.85613E-4,47.257040742,0.558560104,0.11149965,0.333333333,0
2.87721E-4,47.514757476,0.560372165,0.11060046,0.333333333,0
2.89445E-4,47.774531102,0.561843447,0.109701269,0.333333333,0
2.90897E-4,48.006828436,0.5630752,0.108901988,0.333333333,0
2.92231E-4,48.269245265,0.564200421,0.108002797,0.333333333,0
2.9356E-4,48.503651703,0.565315756,0.107203517,0.333333333,0
2.94443E-4,48.768367981,0.566054159,0.106304326,0.333333333,0
2.97358E-4,49.005723234,0.568471984,0.105505045,0.333333333,0
2.98657E-4,49.273927306,0.569540827,0.104605855,0.333333333,0
3.0057E-4,49.513757077,0.571105768,0.103806574,0.333333333,0
3.01637E-4,49.754653397,0.57197321,0.103007293,0.333333333,0
3.0269E-4,50.026750496,0.572826536,0.102108103,0.333333333,0
3.04138E-4,50.269574895,0.573993746,0.101308822,0.333333333,0
3.05734E-4,50.513491641,0.575272777,0.100509541,0.333333333,0
3.07776E-4,50.758753983,0.57689861,0.099710261,0.333333333,0
3.08481E-4,51.005322559,0.577457253,0.09891098,0.333333333,0
3.11394E-4,51.253599745,0.579748622,0.098111699,0.333333333,0
3.13071E-4,51.503566876,0.581056945,0.097312419,0.333333333,0
3.14404E-4,51.754643353,0.582090469,0.096513138,0.333333333,0
3.15452E-4,52.006714669,0.582900343,0.095713858,0.333333333,0
3.18568E-4,52.259932816,0.585287615,0.094914577,0.333333333,0
3.19951E-4,52.515268728,0.586338898,0.094115296,0.333333333,0
3.22051E-4,52.772160724,0.58792488,0.093316016,0.333333333,0
3.25262E-4,53.031087679,0.59032656,0.092516735,0.333333333,0
3.27431E-4,53.259665246,0.591932775,0.091817364,0.333333333,0
3.28323E-4,53.521945803,0.592589626,0.091018084,0.333333333,0
3.30174E-4,53.752494067,0.593946134,0.090318713,0.333333333,0
3.32262E-4,54.017272309,0.595465909,0.089519433,0.333333333,0
3.35549E-4,54.250961137,0.59783473,0.088820062,0.333333333,0
3.38114E-4,54.520335001,0.599664433,0.088020781,0.333333333,0
3.39217E-4,54.757536966,0.600445561,0.087321411,0.333333333,0
3.41365E-4,55.029431092,0.601959096,0.08652213,0.333333333,0
3.42707E-4,55.269087832,0.602899106,0.08582276,0.333333333,0
3.44762E-4,55.509760823,0.604329324,0.085123389,0.333333333,0
3.46312E-4,55.751887437,0.605401401,0.084424018,0.333333333,0
3.4864E-4,56.030177034,0.607000781,0.083624738,0.333333333,0
3.50249E-4,56.274578976,0.608098965,0.082925367,0.333333333,0
3.52007E-4,56.520640848,0.609291182,0.082225997,0.333333333,0
3.54076E-4,56.76809379,0.610685433,0.081526626,0.333333333,0
3.55725E-4,57.016505866,0.611789547,0.080827255,0.333333333,0
3.5817E-4,57.266060787,0.613415239,0.080127885,0.333333333,0
3.60239E-4,57.517843615,0.614780249,0.079428514,0.333333333,0
3.62212E-4,57.770624008,0.616072911,0.078729144,0.333333333,0
3.65892E-4,58.025643863,0.618461107,0.078029773,0.333333333,0
3.70522E-4,58.283594359,0.621423871,0.077330403,0.333333333,0
3.71996E-4,58.506366555,0.622357582,0.076730942,0.333333333,0
3.73278E-4,58.767234737,0.623165326,0.076031572,0.333333333,0
3.76096E-4,59.029429513,0.624929817,0.075332201,0.333333333,0
3.78088E-4,59.255709407,0.626167524,0.074732741,0.333333333,0
3.81196E-4,59.521177586,0.628081569,0.07403337,0.333333333,0
3.84037E-4,59.750956824,0.629814821,0.073433909,0.333333333,0
3.89131E-4,60.02175873,0.632881627,0.072734539,0.333333333,0
3.91932E-4,60.256008168,0.634546675,0.072135078,0.333333333,0
3.94446E-4,60.5313793,0.6360279,0.071435708,0.333333333,0
3.98171E-4,60.769602782,0.638201216,0.070836247,0.333333333,0
4.00233E-4,61.009354799,0.639392639,0.070236787,0.333333333,0
4.02675E-4,61.250026439,0.640794174,0.069637326,0.333333333,0
4.05285E-4,61.533113176,0.642279982,0.068937956,0.333333333,0
4.08933E-4,61.777519841,0.644335996,0.068338495,0.333333333,0
4.1219E-4,62.023437046,0.646151782,0.067739035,0.333333333,0
4.12874E-4,62.27104025,0.646531195,0.067139574,0.333333333,0
4.14088E-4,62.519187155,0.647201918,0.066540114,0.333333333,0
4.15349E-4,62.768125174,0.64789556,0.065940653,0.333333333,0
4.16022E-4,63.017566159,0.648264909,0.065341193,0.333333333,0
4.16897E-4,63.267537703,0.64874403,0.064741732,0.333333333,0
4.1814E-4,63.518190089,0.649422011,0.064142272,0.333333333,0
4.18914E-4,63.769387563,0.649842929,0.063542811,0.333333333,0
4.20077E-4,64.02121413,0.650473322,0.062943351,0.333333333,0
4.21138E-4,64.273546063,0.651046595,0.06234389,0.333333333,0
4.22752E-4,64.526875273,0.651915485,0.06174443,0.333333333,0
4.2396E-4,64.780854503,0.652562471,0.06114497,0.333333333,0
4.25066E-4,65.035731832,0.653153034,0.060545509,0.333333333,0
4.25661E-4,65.29100712,0.653469764,0.059946049,0.333333333,0
4.261E-4,65.503939063,0.653702928,0.059446498,0.444444444,0
4.26554E-4,65.759762806,0.653944087,0.058847038,0.444444444,0
4.27353E-4,66.015964764,0.654367719,0.058247577,0.444444444,0
4.27894E-4,66.272496419,0.654653553,0.057648117,0.444444444,0
4.28677E-4,66.529503156,0.655066989,0.057048656,0.444444444,0
4.29729E-4,66.78713021,0.655620533,0.056449196,0.444444444,0
4.30215E-4,67.00212549,0.655875478,0.055949645,0.444444444,0
4.30744E-4,67.260473318,0.656153017,0.055350185,0.444444444,0
4.32636E-4,67.519692168,0.657141207,0.054750724,0.444444444,0
4.33801E-4,67.77968573,0.657746465,0.054151264,0.444444444,0
4.34585E-4,68.040188037,0.658152834,0.053551803,0.444444444,0
4.34987E-4,68.257607223,0.658361065,0.053052253,0.444444444,0
4.37026E-4,68.51935148,0.659411904,0.052452792,0.444444444,0
4.38438E-4,68.78198874,0.660136436,0.051853332,0.444444444,0
4.38895E-4,69.001369414,0.660370172,0.051353782,0.444444444,0
4.39532E-4,69.264916341,0.660695193,0.050754321,0.444444444,0
4.40782E-4,69.52906477,0.661331604,0.050154861,0.444444444,0
4.42468E-4,69.794132905,0.662185934,0.0495554,0.444444444,0
4.43318E-4,70.015578996,0.662615041,0.04905585,0.444444444,0
4.45444E-4,70.282314272,0.66368372,0.048456389,0.444444444,0
4.4646E-4,70.505336445,0.664192051,0.047956839,0.444444444,0
4.48123E-4,70.773830028,0.665020807,0.047357378,0.444444444,0
4.49528E-4,71.043197722,0.665717962,0.046757918,0.444444444,0
4.49988E-4,71.268120864,0.665945631,0.046258367,0.444444444,0
4.53193E-4,71.539524279,0.66752263,0.045658907,0.444444444,0
4.54891E-4,71.766638622,0.668352118,0.045159357,0.444444444,0
4.56377E-4,72.040017637,0.669074649,0.044559896,0.444444444,0
4.57666E-4,72.268625901,0.669698851,0.044060346,0.444444444,0
4.60073E-4,72.544227816,0.67085792,0.043460885,0.444444444,0
4.61049E-4,72.77459683,0.671325684,0.042961335,0.444444444,0
4.62724E-4,73.005405166,0.672125434,0.042461784,0.444444444,0
4.65782E-4,73.284258433,0.673575453,0.041862324,0.444444444,0
4.6795E-4,73.517862859,0.674595659,0.041362774,0.444444444,0
4.68856E-4,73.752159935,0.675020158,0.040863223,0.444444444,0
4.6996E-4,74.033864604,0.67553557,0.040263763,0.444444444,0
4.71264E-4,74.26916613,0.676142824,0.039764212,0.444444444,0
4.71689E-4,74.504917761,0.676340112,0.039264662,0.444444444,0
4.73528E-4,74.788612275,0.677191521,0.038665201,0.444444444,0
4.74182E-4,75.025513032,0.677492911,0.038165651,0.444444444,0
4.7552E-4,75.263046984,0.678108226,0.037666101,0.444444444,0
4.76084E-4,75.500965281,0.67836684,0.03716655,0.555555556,0
4.79649E-4,75.787840677,0.679992582,0.03656709,0.555555556,0
4.81695E-4,76.028356337,0.680918031,0.036067539,0.555555556,0
4.82941E-4,76.269610585,0.681479038,0.035567989,0.555555556,0
4.86224E-4,76.511986316,0.682947994,0.035068438,0.555555556,0
4.87874E-4,76.75571563,0.683681171,0.034568888,0.555555556,0
4.89328E-4,77.000130612,0.684324184,0.034069338,0.555555556,0
4.95012E-4,77.295446721,0.686813591,0.033469877,0.555555556,0
4.95991E-4,77.543249285,0.687238359,0.032970327,0.555555556,0
4.98045E-4,77.791763337,0.688126052,0.032470776,0.555555556,0
5.01246E-4,78.041876647,0.689499282,0.031971226,0.555555556,0
5.03782E-4,78.293290386,0.690578858,0.031471675,0.555555556,0
5.05659E-4,78.545908661,0.691372728,0.030972125,0.555555556,0
5.10562E-4,78.799781989,0.693428109,0.030472575,0.555555556,0
5.12236E-4,79.00434303,0.694123472,0.030072934,0.555555556,0
5.13845E-4,79.260933647,0.694788859,0.029573384,0.555555556,0
5.15523E-4,79.518113543,0.695479891,0.029073834,0.555555556,0
5.19623E-4,79.776877825,0.697155089,0.028574283,0.555555556,0
5.22339E-4,80.037407747,0.698254435,0.028074733,0.555555556,0.5
5.26029E-4,80.299680503,0.699735611,0.027575182,0.555555556,0.5
5.27837E-4,80.510460089,0.700456007,0.027175542,0.555555556,0.5
5.29459E-4,80.774849626,0.701099307,0.026675992,0.555555556,0.5
5.31121E-4,81.039979544,0.701755854,0.026176441,0.555555556,0.5
5.33132E-4,81.252923111,0.702546198,0.025776801,0.555555556,0.5
5.35846E-4,81.520005345,0.703606126,0.02527725,0.555555556,0.5
5.42833E-4,81.790182345,0.706300537,0.0247777,0.555555556,0.5
5.46356E-4,82.008342935,0.70764098,0.02437806,0.555555556,0.5
5.49844E-4,82.282531669,0.708955548,0.023878509,0.555555556,0.5
5.55174E-4,82.503514881,0.710942345,0.023478869,0.555555556,0.5
5.58382E-4,82.782304145,0.712124926,0.022979319,0.555555556,0.5
5.59894E-4,83.00595604,0.712678947,0.022579678,0.555555556,0.5
5.6265E-4,83.286595267,0.713683146,0.022080128,0.555555556,0.5
5.67977E-4,83.513244173,0.715604871,0.021680488,0.555555556,0.5
5.80243E-4,83.800550608,0.719933282,0.021180937,0.555555556,0.5
5.83604E-4,84.033270781,0.721096174,0.020781297,0.555555556,0.5
5.85835E-4,84.267235281,0.721862856,0.020381657,0.555555556,0.5
5.87963E-4,84.502120993,0.722590284,0.019982016,0.555555556,0.5
5.92446E-4,84.797722315,0.724110413,0.019482466,0.555555556,0.5
5.94546E-4,85.035247068,0.724816795,0.019082825,0.555555556,0.5
6.03091E-4,85.27483609,0.727653901,0.018683185,0.555555556,0.5
6.0535E-4,85.516737767,0.728394171,0.018283545,0.555555556,0.5
6.07456E-4,85.759583595,0.729080571,0.017883904,0.555555556,0.5
6.09894E-4,86.003337917,0.729871045,0.017484264,0.555555556,0.5
6.16947E-4,86.310296731,0.732131898,0.016984714,0.555555556,0.5
6.20507E-4,86.557582849,0.733258933,0.016585073,0.555555556,0.5
6.25676E-4,86.807181702,0.73487821,0.016185433,0.555555556,0.5
6.32254E-4,87.059458693,0.736910758,0.015785793,0.555555556,0.5
6.382E-4,87.313306402,0.738721597,0.015386152,0.555555556,0.5
6.45275E-4,87.506598641,0.740844081,0.015086422,0.555555556,0.5
6.53992E-4,87.766491756,0.74341188,0.014686782,0.555555556,0.5
6.56506E-4,88.028581862,0.744143022,0.014287142,0.555555556,0.5
6.62174E-4,88.292372621,0.74577646,0.013887501,0.555555556,0.5
6.716E-4,88.559216126,0.748446745,0.013487861,0.555555556,0.5
6.72475E-4,88.76093825,0.748691803,0.013188131,0.555555556,0.5
6.73737E-4,89.03016401,0.749044408,0.01278849,0.555555556,0.5
6.76198E-4,89.300265883,0.749729314,0.01238885,0.555555556,0.5
6.79211E-4,89.503797133,0.750562681,0.01208912,0.555555556,0.5
6.83066E-4,89.776186441,0.751620585,0.011689479,0.555555556,0.5
6.85255E-4,90.049962276,0.752217537,0.011289839,0.666666667,0.5
6.87146E-4,90.25598051,0.752730726,0.010990109,0.666666667,0.5
6.92272E-4,90.532275827,0.754111456,0.010590469,0.666666667,0.5
6.94114E-4,90.809698258,0.754603976,0.010190828,0.666666667,0.5
6.97182E-4,91.018537415,0.755419622,0.009891098,0.666666667,0.5
7.0801E-4,91.300120067,0.758255847,0.009491458,0.666666667,0.5
7.18693E-4,91.515108562,0.760990391,0.009191727,0.666666667,0.5
7.27185E-4,91.804881028,0.763120424,0.008792087,0.666666667,0.5
7.38549E-4,92.025265752,0.765912089,0.008492357,0.666666667,0.5
7.44774E-4,92.322685909,0.767413453,0.008092717,0.666666667,0.5
7.54731E-4,92.547821155,0.76977559,0.007792986,0.666666667,0.5
7.67938E-4,92.777515108,0.772835627,0.007493256,0.666666667,0.5
7.79724E-4,93.010014696,0.775498328,0.007193526,0.666666667,0.5
7.88876E-4,93.324813167,0.77752335,0.006793886,0.666666667,0.5
8.00866E-4,93.563388124,0.780121812,0.006494155,0.666666667,0.5
8.23986E-4,93.808040469,0.784964622,0.006194425,0.666666667,0.5
8.31381E-4,94.056961911,0.786468977,0.005894695,0.666666667,0.5
8.54413E-4,94.309930707,0.791022185,0.005594965,0.666666667,0.5
8.65789E-4,94.568758049,0.793200094,0.005295234,0.666666667,0.5
8.83991E-4,94.832798408,0.796592218,0.004995504,0.777777778,0.5
8.86982E-4,95.009991513,0.797138895,0.004795684,0.777777778,0.5
9.01628E-4,95.279077707,0.799774491,0.004495954,0.777777778,0.5
9.17802E-4,95.552726318,0.802606323,0.004196223,0.777777778,0.5
9.22643E-4,95.829116972,0.803438442,0.003896493,0.777777778,0.5
9.35387E-4,96.015434692,0.805595843,0.003696673,0.777777778,1
9.44234E-4,96.297619255,0.807066032,0.003396943,0.777777778,1
9.56415E-4,96.582511416,0.809054022,0.003097213,0.777777778,1
9.79982E-4,96.778304056,0.812786213,0.002897392,0.777777778,1
1.00235E-3,97.076215363,0.816196739,0.002597662,0.777777778,1
1.04547E-3,97.282660299,0.822430791,0.002397842,0.777777778,1
1.05157E-3,97.597499768,0.823279582,0.002098112,0.888888889,1
1.06395E-3,97.809108487,0.824975138,0.001898292,1,1
1.0714E-3,98.023367733,0.825979947,0.001698471,1,1
1.10319E-3,98.350098395,0.830143938,0.001398741,1,1
1.14759E-3,98.578278037,0.835635309,0.001198921,1,1
1.1869E-3,98.812901625,0.840208987,0.000999101,1,1
1.21276E-3,99.055384153,0.843081624,0.000799281,1,1
1.33848E-3,99.318243913,0.855693104,0.00059946,1,1
1.35638E-3,99.587745741,0.85732636,0.00039964,1,1
1.37416E-3,99.862558597,0.858911784,0.00019982,1,1
1.37441E-3,100,0.858934187,0.00009991,1,1
